klic,zapsano,kolo,datum,domaci,hoste,model,p_domaci,p_remiza,p_hoste,tip,skore,vysledek
4|FC Baník Ostrava|SK Artis Brno|index_sily,2026-08-16 16:17:31,4,2026-08-16 13:00,FC Baník Ostrava,SK Artis Brno,index_sily,0.459018,0.259401,0.281581,1X (Neprohra domácích),1:0,1
4|FC Baník Ostrava|SK Artis Brno|poisson,2026-08-16 16:17:31,4,2026-08-16 13:00,FC Baník Ostrava,SK Artis Brno,poisson,0.351576,0.265718,0.382706,02 (Neprohra hostů),1:0,1
4|FC Baník Ostrava|SK Artis Brno|elo,2026-08-16 16:17:31,4,2026-08-16 13:00,FC Baník Ostrava,SK Artis Brno,elo,0.428976,0.29004,0.280985,1X (Neprohra domácích),1:0,1
4|FC Baník Ostrava|SK Artis Brno|ensemble,2026-08-16 16:17:31,4,2026-08-16 13:00,FC Baník Ostrava,SK Artis Brno,ensemble,0.41319,0.27172,0.315091,1X (Neprohra domácích),1:0,1
4|FC Slovan Liberec|SK Slavia Praha|index_sily,2026-08-16 16:17:31,4,2026-08-16 18:00,FC Slovan Liberec,SK Slavia Praha,index_sily,0.204913,0.193089,0.601997,2 (Výhra hostů),1:1,0
4|FC Slovan Liberec|SK Slavia Praha|poisson,2026-08-16 16:17:31,4,2026-08-16 18:00,FC Slovan Liberec,SK Slavia Praha,poisson,0.235849,0.259072,0.505079,02 (Neprohra hostů),1:1,0
4|FC Slovan Liberec|SK Slavia Praha|elo,2026-08-16 16:17:31,4,2026-08-16 18:00,FC Slovan Liberec,SK Slavia Praha,elo,0.396774,0.296293,0.306933,1X (Neprohra domácích),1:1,0
4|FC Slovan Liberec|SK Slavia Praha|ensemble,2026-08-16 16:17:31,4,2026-08-16 18:00,FC Slovan Liberec,SK Slavia Praha,ensemble,0.279179,0.249485,0.471336,02 (Neprohra hostů),1:1,0
4|FC Zbrojovka Brno|FC Hradec Králové|index_sily,2026-08-16 16:17:31,4,2026-09-02 16:00,FC Zbrojovka Brno,FC Hradec Králové,index_sily,0.314541,0.27356,0.4119,02 (Neprohra hostů),1:0,1
4|FC Zbrojovka Brno|FC Hradec Králové|poisson,2026-08-16 16:17:31,4,2026-09-02 16:00,FC Zbrojovka Brno,FC Hradec Králové,poisson,0.337828,0.310991,0.351181,02 (Neprohra hostů),1:0,1
4|FC Zbrojovka Brno|FC Hradec Králové|elo,2026-08-16 16:17:31,4,2026-09-02 16:00,FC Zbrojovka Brno,FC Hradec Králové,elo,0.391674,0.29703,0.311297,1X (Neprohra domácích),1:0,1
4|FC Zbrojovka Brno|FC Hradec Králové|ensemble,2026-08-16 16:17:31,4,2026-09-02 16:00,FC Zbrojovka Brno,FC Hradec Králové,ensemble,0.348014,0.29386,0.358126,02 (Neprohra hostů),1:0,1
4|Bohemians Praha 1905|FK Jablonec|index_sily,2026-08-16 16:17:31,4,2026-09-02 18:00,Bohemians Praha 1905,FK Jablonec,index_sily,0.192438,0.178787,0.628775,2 (Výhra hostů),1:1,0
4|Bohemians Praha 1905|FK Jablonec|poisson,2026-08-16 16:17:31,4,2026-09-02 18:00,Bohemians Praha 1905,FK Jablonec,poisson,0.249555,0.312893,0.437552,02 (Neprohra hostů),1:1,0
4|Bohemians Praha 1905|FK Jablonec|elo,2026-08-16 16:17:31,4,2026-09-02 18:00,Bohemians Praha 1905,FK Jablonec,elo,0.386291,0.297725,0.315984,1X (Neprohra domácích),1:1,0
4|Bohemians Praha 1905|FK Jablonec|ensemble,2026-08-16 16:17:31,4,2026-09-02 18:00,Bohemians Praha 1905,FK Jablonec,ensemble,0.276095,0.263135,0.46077,02 (Neprohra hostů),1:1,0
5|FC Zlín|FC Slovan Liberec|index_sily,2026-08-16 16:17:31,5,2026-08-22 15:00,FC Zlín,FC Slovan Liberec,index_sily,0.133254,0.106031,0.760715,2 (Výhra hostů),0:1,2
5|FC Zlín|FC Slovan Liberec|poisson,2026-08-16 16:17:31,5,2026-08-22 15:00,FC Zlín,FC Slovan Liberec,poisson,0.188435,0.266143,0.545422,02 (Neprohra hostů),0:1,2
5|FC Zlín|FC Slovan Liberec|elo,2026-08-16 16:17:31,5,2026-08-22 15:00,FC Zlín,FC Slovan Liberec,elo,0.359245,0.299845,0.340911,1X (Neprohra domácích),0:1,2
5|FC Zlín|FC Slovan Liberec|ensemble,2026-08-16 16:17:31,5,2026-08-22 15:00,FC Zlín,FC Slovan Liberec,ensemble,0.226978,0.224006,0.549016,02 (Neprohra hostů),0:1,2
5|FK Mladá Boleslav|1. FC Slovácko|index_sily,2026-08-16 16:17:31,5,2026-08-22 15:00,FK Mladá Boleslav,1. FC Slovácko,index_sily,0.903595,0.030905,0.0655,1 (Výhra domácích),2:1,1
5|FK Mladá Boleslav|1. FC Slovácko|poisson,2026-08-16 16:17:31,5,2026-08-22 15:00,FK Mladá Boleslav,1. FC Slovácko,poisson,0.676186,0.194293,0.129521,1 (Výhra domácích),2:1,1
5|FK Mladá Boleslav|1. FC Slovácko|elo,2026-08-16 16:17:31,5,2026-08-22 15:00,FK Mladá Boleslav,1. FC Slovácko,elo,0.471287,0.278226,0.250487,1X (Neprohra domácích),2:1,1
5|FK Mladá Boleslav|1. FC Slovácko|ensemble,2026-08-16 16:17:31,5,2026-08-22 15:00,FK Mladá Boleslav,1. FC Slovácko,ensemble,0.683689,0.167808,0.148503,1 (Výhra domácích),2:1,1
5|SK Artis Brno|AC Sparta Praha|index_sily,2026-08-16 16:17:31,5,2026-08-22 15:00,SK Artis Brno,AC Sparta Praha,index_sily,0.25991,0.2452,0.49489,02 (Neprohra hostů),0:4,2
5|SK Artis Brno|AC Sparta Praha|poisson,2026-08-16 16:17:31,5,2026-08-22 15:00,SK Artis Brno,AC Sparta Praha,poisson,0.297942,0.232263,0.469795,02 (Neprohra hostů),0:4,2
5|SK Artis Brno|AC Sparta Praha|elo,2026-08-16 16:17:31,5,2026-08-22 15:00,SK Artis Brno,AC Sparta Praha,elo,0.388977,0.297389,0.313634,1X (Neprohra domácích),0:4,2
5|SK Artis Brno|AC Sparta Praha|ensemble,2026-08-16 16:17:31,5,2026-08-22 15:00,SK Artis Brno,AC Sparta Praha,ensemble,0.315609,0.258284,0.426107,02 (Neprohra hostů),0:4,2
5|SK Slavia Praha|Bohemians Praha 1905|index_sily,2026-08-16 16:17:31,5,2026-08-22 18:00,SK Slavia Praha,Bohemians Praha 1905,index_sily,0.863909,0.050567,0.085524,1 (Výhra domácích),2:2,0
5|SK Slavia Praha|Bohemians Praha 1905|poisson,2026-08-16 16:17:31,5,2026-08-22 18:00,SK Slavia Praha,Bohemians Praha 1905,poisson,0.639523,0.215917,0.14456,1 (Výhra domácích),2:2,0
5|SK Slavia Praha|Bohemians Praha 1905|elo,2026-08-16 16:17:31,5,2026-08-22 18:00,SK Slavia Praha,Bohemians Praha 1905,elo,0.442633,0.286632,0.270735,1X (Neprohra domácích),2:2,0
5|SK Slavia Praha|Bohemians Praha 1905|ensemble,2026-08-16 16:17:31,5,2026-08-22 18:00,SK Slavia Praha,Bohemians Praha 1905,ensemble,0.648689,0.184372,0.16694,1 (Výhra domácích),2:2,0
5|FK Jablonec|FC Baník Ostrava|index_sily,2026-08-16 16:17:31,5,2026-08-23 13:00,FK Jablonec,FC Baník Ostrava,index_sily,0.729938,0.123083,0.146979,1 (Výhra domácích),3:0,1
5|FK Jablonec|FC Baník Ostrava|poisson,2026-08-16 16:17:31,5,2026-08-23 13:00,FK Jablonec,FC Baník Ostrava,poisson,0.627913,0.240088,0.131999,1 (Výhra domácích),3:0,1
5|FK Jablonec|FC Baník Ostrava|elo,2026-08-16 16:17:31,5,2026-08-23 13:00,FK Jablonec,FC Baník Ostrava,elo,0.453924,0.283513,0.262563,1X (Neprohra domácích),3:0,1
5|FK Jablonec|FC Baník Ostrava|ensemble,2026-08-16 16:17:31,5,2026-08-23 13:00,FK Jablonec,FC Baník Ostrava,ensemble,0.603925,0.215561,0.180514,1 (Výhra domácích),3:0,1
5|FK Teplice|FC Zbrojovka Brno|index_sily,2026-08-16 16:17:31,5,2026-08-23 15:00,FK Teplice,FC Zbrojovka Brno,index_sily,0.447369,0.263451,0.28918,1X (Neprohra domácích),0:2,2
5|FK Teplice|FC Zbrojovka Brno|poisson,2026-08-16 16:17:31,5,2026-08-23 15:00,FK Teplice,FC Zbrojovka Brno,poisson,0.375712,0.23992,0.384368,02 (Neprohra hostů),0:2,2
5|FK Teplice|FC Zbrojovka Brno|elo,2026-08-16 16:17:31,5,2026-08-23 15:00,FK Teplice,FC Zbrojovka Brno,elo,0.426135,0.290695,0.28317,1X (Neprohra domácích),0:2,2
5|FK Teplice|FC Zbrojovka Brno|ensemble,2026-08-16 16:17:31,5,2026-08-23 15:00,FK Teplice,FC Zbrojovka Brno,ensemble,0.416405,0.264689,0.318906,1X (Neprohra domácích),0:2,2
5|SK Sigma Olomouc|FK Pardubice|index_sily,2026-08-16 16:17:31,5,2026-08-23 18:00,SK Sigma Olomouc,FK Pardubice,index_sily,0.809009,0.079589,0.111402,1 (Výhra domácích),3:1,1
5|SK Sigma Olomouc|FK Pardubice|poisson,2026-08-16 16:17:31,5,2026-08-23 18:00,SK Sigma Olomouc,FK Pardubice,poisson,0.534462,0.254397,0.211141,1X (Neprohra domácích),3:1,1
5|SK Sigma Olomouc|FK Pardubice|elo,2026-08-16 16:17:31,5,2026-08-23 18:00,SK Sigma Olomouc,FK Pardubice,elo,0.460269,0.281647,0.258084,1X (Neprohra domácích),3:1,1
5|SK Sigma Olomouc|FK Pardubice|ensemble,2026-08-16 16:17:31,5,2026-08-23 18:00,SK Sigma Olomouc,FK Pardubice,ensemble,0.601247,0.205211,0.193542,1 (Výhra domácích),3:1,1
5|FC Hradec Králové|FC Viktoria Plzeň|index_sily,2026-08-16 21:59:14,5,2026-08-23 17:00,FC Hradec Králové,FC Viktoria Plzeň,index_sily,0.717222,0.130143,0.152635,1 (Výhra domácích),0:0,0
5|FC Hradec Králové|FC Viktoria Plzeň|poisson,2026-08-16 21:59:14,5,2026-08-23 17:00,FC Hradec Králové,FC Viktoria Plzeň,poisson,0.551123,0.295021,0.153855,1 (Výhra domácích),0:0,0
5|FC Hradec Králové|FC Viktoria Plzeň|elo,2026-08-16 21:59:14,5,2026-08-23 17:00,FC Hradec Králové,FC Viktoria Plzeň,elo,0.445066,0.285983,0.268952,1X (Neprohra domácích),0:0,0
5|FC Hradec Králové|FC Viktoria Plzeň|ensemble,2026-08-16 21:59:14,5,2026-08-23 17:00,FC Hradec Králové,FC Viktoria Plzeň,ensemble,0.571137,0.237049,0.191814,1 (Výhra domácích),0:0,0
6|Bohemians Praha 1905|FK Mladá Boleslav|index_sily,2026-08-17 10:08:16,6,29.08.2026 17:00,Bohemians Praha 1905,FK Mladá Boleslav,index_sily,0.279861,0.258417,0.461721,02 (Neprohra hostů),,
6|Bohemians Praha 1905|FK Mladá Boleslav|poisson,2026-08-17 10:08:16,6,29.08.2026 17:00,Bohemians Praha 1905,FK Mladá Boleslav,poisson,0.297964,0.279932,0.422104,02 (Neprohra hostů),,
6|Bohemians Praha 1905|FK Mladá Boleslav|elo,2026-08-17 10:08:16,6,29.08.2026 17:00,Bohemians Praha 1905,FK Mladá Boleslav,elo,0.391566,0.297045,0.31139,1X (Neprohra domácích),,
6|Bohemians Praha 1905|FK Mladá Boleslav|ensemble,2026-08-17 10:08:16,6,29.08.2026 17:00,Bohemians Praha 1905,FK Mladá Boleslav,ensemble,0.32313,0.278465,0.398405,02 (Neprohra hostů),,
6|FC Zbrojovka Brno|FC Zlín|index_sily,2026-08-17 10:08:16,6,29.08.2026 17:00,FC Zbrojovka Brno,FC Zlín,index_sily,0.846204,0.059752,0.094044,1 (Výhra domácích),3:2,1
6|FC Zbrojovka Brno|FC Zlín|poisson,2026-08-17 10:08:16,6,29.08.2026 17:00,FC Zbrojovka Brno,FC Zlín,poisson,0.586273,0.246324,0.167403,1 (Výhra domácích),3:2,1
6|FC Zbrojovka Brno|FC Zlín|elo,2026-08-17 10:08:16,6,29.08.2026 17:00,FC Zbrojovka Brno,FC Zlín,elo,0.456152,0.282867,0.260981,1X (Neprohra domácích),3:2,1
6|FC Zbrojovka Brno|FC Zlín|ensemble,2026-08-17 10:08:16,6,29.08.2026 17:00,FC Zbrojovka Brno,FC Zlín,ensemble,0.629543,0.196314,0.174143,1 (Výhra domácích),3:2,1
6|FK Pardubice|SK Artis Brno|index_sily,2026-08-17 10:08:16,6,29.08.2026 17:00,FK Pardubice,SK Artis Brno,index_sily,0.357608,0.279984,0.362408,02 (Neprohra hostů),1:2,2
6|FK Pardubice|SK Artis Brno|poisson,2026-08-17 10:08:16,6,29.08.2026 17:00,FK Pardubice,SK Artis Brno,poisson,0.379481,0.288908,0.331611,1X (Neprohra domácích),1:2,2
6|FK Pardubice|SK Artis Brno|elo,2026-08-17 10:08:16,6,29.08.2026 17:00,FK Pardubice,SK Artis Brno,elo,0.415769,0.292924,0.291308,1X (Neprohra domácích),1:2,2
6|FK Pardubice|SK Artis Brno|ensemble,2026-08-17 10:08:16,6,29.08.2026 17:00,FK Pardubice,SK Artis Brno,ensemble,0.384286,0.287272,0.328442,1X (Neprohra domácích),1:2,2
6|FC Baník Ostrava|SK Sigma Olomouc|index_sily,2026-08-17 10:08:16,6,29.08.2026 20:00,FC Baník Ostrava,SK Sigma Olomouc,index_sily,0.315437,0.273824,0.410739,02 (Neprohra hostů),1:0,1
6|FC Baník Ostrava|SK Sigma Olomouc|poisson,2026-08-17 10:08:16,6,29.08.2026 20:00,FC Baník Ostrava,SK Sigma Olomouc,poisson,0.281034,0.28099,0.437977,02 (Neprohra hostů),1:0,1
6|FC Baník Ostrava|SK Sigma Olomouc|elo,2026-08-17 10:08:16,6,29.08.2026 20:00,FC Baník Ostrava,SK Sigma Olomouc,elo,0.39994,0.295799,0.30426,1X (Neprohra domácích),1:0,1
6|FC Baník Ostrava|SK Sigma Olomouc|ensemble,2026-08-17 10:08:16,6,29.08.2026 20:00,FC Baník Ostrava,SK Sigma Olomouc,ensemble,0.332137,0.283538,0.384325,02 (Neprohra hostů),1:0,1
6|FC Slovan Liberec|FC Hradec Králové|index_sily,2026-08-17 10:08:16,6,30.08.2026 15:00,FC Slovan Liberec,FC Hradec Králové,index_sily,0.313122,0.273128,0.41375,02 (Neprohra hostů),2:0,1
6|FC Slovan Liberec|FC Hradec Králové|poisson,2026-08-17 10:08:16,6,30.08.2026 15:00,FC Slovan Liberec,FC Hradec Králové,poisson,0.359313,0.328211,0.312476,1X (Neprohra domácích),2:0,1
6|FC Slovan Liberec|FC Hradec Králové|elo,2026-08-17 10:08:16,6,30.08.2026 15:00,FC Slovan Liberec,FC Hradec Králové,elo,0.407202,0.294562,0.298236,1X (Neprohra domácích),2:0,1
6|FC Slovan Liberec|FC Hradec Králové|ensemble,2026-08-17 10:08:16,6,30.08.2026 15:00,FC Slovan Liberec,FC Hradec Králové,ensemble,0.359879,0.298634,0.341487,1X (Neprohra domácích),2:0,1
6|FC Viktoria Plzeň|1. FC Slovácko|index_sily,2026-08-17 10:08:16,6,30.08.2026 17:00,FC Viktoria Plzeň,1. FC Slovácko,index_sily,0.728951,0.12363,0.147418,1 (Výhra domácích),1:1,0
6|FC Viktoria Plzeň|1. FC Slovácko|poisson,2026-08-17 10:08:16,6,30.08.2026 17:00,FC Viktoria Plzeň,1. FC Slovácko,poisson,0.604958,0.194225,0.200818,1 (Výhra domácích),1:1,0
6|FC Viktoria Plzeň|1. FC Slovácko|elo,2026-08-17 10:08:16,6,30.08.2026 17:00,FC Viktoria Plzeň,1. FC Slovácko,elo,0.441361,0.286967,0.271672,1X (Neprohra domácích),1:1,0
6|FC Viktoria Plzeň|1. FC Slovácko|ensemble,2026-08-17 10:08:16,6,30.08.2026 17:00,FC Viktoria Plzeň,1. FC Slovácko,ensemble,0.591757,0.201607,0.206636,1 (Výhra domácích),1:1,0
6|FK Teplice|FK Jablonec|index_sily,2026-08-17 10:08:16,6,30.08.2026 17:00,FK Teplice,FK Jablonec,index_sily,0.239681,0.228497,0.531822,02 (Neprohra hostů),2:0,1
6|FK Teplice|FK Jablonec|poisson,2026-08-17 10:08:16,6,30.08.2026 17:00,FK Teplice,FK Jablonec,poisson,0.264212,0.240599,0.495189,02 (Neprohra hostů),2:0,1
6|FK Teplice|FK Jablonec|elo,2026-08-17 10:08:16,6,30.08.2026 17:00,FK Teplice,FK Jablonec,elo,0.393297,0.296803,0.309899,1X (Neprohra domácích),2:0,1
6|FK Teplice|FK Jablonec|ensemble,2026-08-17 10:08:16,6,30.08.2026 17:00,FK Teplice,FK Jablonec,ensemble,0.299064,0.2553,0.445637,02 (Neprohra hostů),2:0,1
6|AC Sparta Praha|SK Slavia Praha|index_sily,2026-08-17 10:08:16,6,30.08.2026 20:00,AC Sparta Praha,SK Slavia Praha,index_sily,0.202776,0.190687,0.606537,2 (Výhra hostů),0:3,2
6|AC Sparta Praha|SK Slavia Praha|poisson,2026-08-17 10:08:16,6,30.08.2026 20:00,AC Sparta Praha,SK Slavia Praha,poisson,0.215756,0.216378,0.567866,2 (Výhra hostů),0:3,2
6|AC Sparta Praha|SK Slavia Praha|elo,2026-08-17 10:08:16,6,30.08.2026 20:00,AC Sparta Praha,SK Slavia Praha,elo,0.383084,0.298098,0.318818,1X (Neprohra domácích),0:3,2
6|AC Sparta Praha|SK Slavia Praha|ensemble,2026-08-17 10:08:16,6,30.08.2026 20:00,AC Sparta Praha,SK Slavia Praha,ensemble,0.267205,0.235055,0.497741,02 (Neprohra hostů),0:3,2
7|SK Slavia Praha|FC Zbrojovka Brno|index_sily,2026-08-24 10:26:50,7,05.09.2026 15:00,SK Slavia Praha,FC Zbrojovka Brno,index_sily,0.646953,0.168923,0.184124,1 (Výhra domácích),4:0,1
7|SK Slavia Praha|FC Zbrojovka Brno|poisson,2026-08-24 10:26:50,7,05.09.2026 15:00,SK Slavia Praha,FC Zbrojovka Brno,poisson,0.469668,0.267763,0.26257,1X (Neprohra domácích),4:0,1
7|SK Slavia Praha|FC Zbrojovka Brno|elo,2026-08-24 10:26:50,7,05.09.2026 15:00,SK Slavia Praha,FC Zbrojovka Brno,elo,0.431027,0.289555,0.279418,1X (Neprohra domácích),4:0,1
7|SK Slavia Praha|FC Zbrojovka Brno|ensemble,2026-08-24 10:26:50,7,05.09.2026 15:00,SK Slavia Praha,FC Zbrojovka Brno,ensemble,0.515883,0.24208,0.242037,1X (Neprohra domácích),4:0,1
7|SK Sigma Olomouc|Bohemians Praha 1905|index_sily,2026-08-24 10:26:50,7,05.09.2026 15:00,SK Sigma Olomouc,Bohemians Praha 1905,index_sily,0.6398,0.172817,0.187383,1 (Výhra domácích),3:0,1
7|SK Sigma Olomouc|Bohemians Praha 1905|poisson,2026-08-24 10:26:50,7,05.09.2026 15:00,SK Sigma Olomouc,Bohemians Praha 1905,poisson,0.438118,0.268555,0.293328,1X (Neprohra domácích),3:0,1
7|SK Sigma Olomouc|Bohemians Praha 1905|elo,2026-08-24 10:26:50,7,05.09.2026 15:00,SK Sigma Olomouc,Bohemians Praha 1905,elo,0.432741,0.289142,0.278117,1X (Neprohra domácích),3:0,1
7|SK Sigma Olomouc|Bohemians Praha 1905|ensemble,2026-08-24 10:26:50,7,05.09.2026 15:00,SK Sigma Olomouc,Bohemians Praha 1905,ensemble,0.503553,0.243505,0.252943,1X (Neprohra domácích),3:0,1
7|1. FC Slovácko|FK Pardubice|index_sily,2026-08-24 10:26:50,7,05.09.2026 15:00,1. FC Slovácko,FK Pardubice,index_sily,0.392643,0.277311,0.330047,1X (Neprohra domácích),0:0,0
7|1. FC Slovácko|FK Pardubice|poisson,2026-08-24 10:26:50,7,05.09.2026 15:00,1. FC Slovácko,FK Pardubice,poisson,0.343591,0.286626,0.369783,02 (Neprohra hostů),0:0,0
7|1. FC Slovácko|FK Pardubice|elo,2026-08-24 10:26:50,7,05.09.2026 15:00,1. FC Slovácko,FK Pardubice,elo,0.413199,0.293435,0.293366,1X (Neprohra domácích),0:0,0
7|1. FC Slovácko|FK Pardubice|ensemble,2026-08-24 10:26:50,7,05.09.2026 15:00,1. FC Slovácko,FK Pardubice,ensemble,0.383144,0.28579,0.331065,1X (Neprohra domácích),0:0,0
7|SK Artis Brno|FC Viktoria Plzeň|index_sily,2026-08-24 10:26:50,7,05.09.2026 18:00,SK Artis Brno,FC Viktoria Plzeň,index_sily,0.190861,0.176935,0.632204,2 (Výhra hostů),0:3,2
7|SK Artis Brno|FC Viktoria Plzeň|poisson,2026-08-24 10:26:50,7,05.09.2026 18:00,SK Artis Brno,FC Viktoria Plzeň,poisson,0.214134,0.195103,0.590763,2 (Výhra hostů),0:3,2
7|SK Artis Brno|FC Viktoria Plzeň|elo,2026-08-24 10:26:50,7,05.09.2026 18:00,SK Artis Brno,FC Viktoria Plzeň,elo,0.373769,0.299001,0.32723,1X (Neprohra domácích),0:3,2
7|SK Artis Brno|FC Viktoria Plzeň|ensemble,2026-08-24 10:26:50,7,05.09.2026 18:00,SK Artis Brno,FC Viktoria Plzeň,ensemble,0.259588,0.22368,0.516732,02 (Neprohra hostů),0:3,2
7|FK Mladá Boleslav|FC Baník Ostrava|index_sily,2026-08-24 10:26:50,7,06.09.2026 13:00,FK Mladá Boleslav,FC Baník Ostrava,index_sily,0.71412,0.131865,0.154015,1 (Výhra domácích),4:0,1
7|FK Mladá Boleslav|FC Baník Ostrava|poisson,2026-08-24 10:26:50,7,06.09.2026 13:00,FK Mladá Boleslav,FC Baník Ostrava,poisson,0.572166,0.24625,0.181584,1 (Výhra domácích),4:0,1
7|FK Mladá Boleslav|FC Baník Ostrava|elo,2026-08-24 10:26:50,7,06.09.2026 13:00,FK Mladá Boleslav,FC Baník Ostrava,elo,0.446227,0.285668,0.268105,1X (Neprohra domácích),4:0,1
7|FK Mladá Boleslav|FC Baník Ostrava|ensemble,2026-08-24 10:26:50,7,06.09.2026 13:00,FK Mladá Boleslav,FC Baník Ostrava,ensemble,0.577504,0.221261,0.201235,1 (Výhra domácích),4:0,1
7|FC Zlín|FK Teplice|index_sily,2026-08-24 10:26:50,7,06.09.2026 15:00,FC Zlín,FK Teplice,index_sily,0.164352,0.144737,0.690911,2 (Výhra hostů),1:3,2
7|FC Zlín|FK Teplice|poisson,2026-08-24 10:26:50,7,06.09.2026 15:00,FC Zlín,FK Teplice,poisson,0.235221,0.23338,0.531399,02 (Neprohra hostů),1:3,2
7|FC Zlín|FK Teplice|elo,2026-08-24 10:26:50,7,06.09.2026 15:00,FC Zlín,FK Teplice,elo,0.363357,0.299678,0.336964,1X (Neprohra domácích),1:3,2
7|FC Zlín|FK Teplice|ensemble,2026-08-24 10:26:50,7,06.09.2026 15:00,FC Zlín,FK Teplice,ensemble,0.25431,0.225932,0.519758,02 (Neprohra hostů),1:3,2
7|FK Jablonec|FC Slovan Liberec|index_sily,2026-08-24 10:26:50,7,06.09.2026 15:00,FK Jablonec,FC Slovan Liberec,index_sily,0.644211,0.170417,0.185371,1 (Výhra domácích),1:2,2
7|FK Jablonec|FC Slovan Liberec|poisson,2026-08-24 10:26:50,7,06.09.2026 15:00,FK Jablonec,FC Slovan Liberec,poisson,0.374119,0.343513,0.282368,1X (Neprohra domácích),1:2,2
7|FK Jablonec|FC Slovan Liberec|elo,2026-08-24 10:26:50,7,06.09.2026 15:00,FK Jablonec,FC Slovan Liberec,elo,0.420709,0.291894,0.287397,1X (Neprohra domácích),1:2,2
7|FK Jablonec|FC Slovan Liberec|ensemble,2026-08-24 10:26:50,7,06.09.2026 15:00,FK Jablonec,FC Slovan Liberec,ensemble,0.47968,0.268608,0.251712,1X (Neprohra domácích),1:2,2
7|FC Hradec Králové|AC Sparta Praha|index_sily,2026-08-24 10:26:50,7,06.09.2026 18:00,FC Hradec Králové,AC Sparta Praha,index_sily,0.497577,0.244047,0.258376,1X (Neprohra domácích),2:1,1
7|FC Hradec Králové|AC Sparta Praha|poisson,2026-08-24 10:26:50,7,06.09.2026 18:00,FC Hradec Králové,AC Sparta Praha,poisson,0.335198,0.274711,0.390091,02 (Neprohra hostů),2:1,1
7|FC Hradec Králové|AC Sparta Praha|elo,2026-08-24 10:26:50,7,06.09.2026 18:00,FC Hradec Králové,AC Sparta Praha,elo,0.421272,0.291773,0.286954,1X (Neprohra domácích),2:1,1
7|FC Hradec Králové|AC Sparta Praha|ensemble,2026-08-24 10:26:50,7,06.09.2026 18:00,FC Hradec Králové,AC Sparta Praha,ensemble,0.418016,0.270177,0.311807,1X (Neprohra domácích),2:1,1
8|FC Slovan Liberec|FK Mladá Boleslav|index_sily,2026-09-04 08:33:43,8,12.09.2026 15:00,FC Slovan Liberec,FK Mladá Boleslav,index_sily,0.430169,0.26881,0.301021,12 (Bez remízy),3:0,1
8|FC Slovan Liberec|FK Mladá Boleslav|poisson,2026-09-04 08:33:43,8,12.09.2026 15:00,FC Slovan Liberec,FK Mladá Boleslav,poisson,0.471419,0.282515,0.246066,1X (Neprohra domácích),3:0,1
8|FC Slovan Liberec|FK Mladá Boleslav|elo,2026-09-04 08:33:43,8,12.09.2026 15:00,FC Slovan Liberec,FK Mladá Boleslav,elo,0.447621,0.285287,0.267092,1X (Neprohra domácích),3:0,1
8|FC Slovan Liberec|FK Mladá Boleslav|ensemble,2026-09-04 08:33:43,8,12.09.2026 15:00,FC Slovan Liberec,FK Mladá Boleslav,ensemble,0.455157,0.279782,0.265061,1X (Neprohra domácích),3:0,1
8|Bohemians Praha 1905|1. FC Slovácko|index_sily,2026-09-04 08:33:43,8,12.09.2026 15:00,Bohemians Praha 1905,1. FC Slovácko,index_sily,0.719539,0.128856,0.151605,12 (Bez remízy),2:0,1
8|Bohemians Praha 1905|1. FC Slovácko|poisson,2026-09-04 08:33:43,8,12.09.2026 15:00,Bohemians Praha 1905,1. FC Slovácko,poisson,0.463033,0.310417,0.226551,1X (Neprohra domácích),2:0,1
8|Bohemians Praha 1905|1. FC Slovácko|elo,2026-09-04 08:33:43,8,12.09.2026 15:00,Bohemians Praha 1905,1. FC Slovácko,elo,0.516975,0.261859,0.221166,1X (Neprohra domácích),2:0,1
8|Bohemians Praha 1905|1. FC Slovácko|ensemble,2026-09-04 08:33:43,8,12.09.2026 15:00,Bohemians Praha 1905,1. FC Slovácko,ensemble,0.540645,0.252887,0.206468,1X (Neprohra domácích),2:0,1
8|FC Zbrojovka Brno|SK Artis Brno|index_sily,2026-09-04 08:33:43,8,12.09.2026 15:00,FC Zbrojovka Brno,SK Artis Brno,index_sily,0.88263,0.041103,0.076267,12 (Bez remízy),2:1,1
8|FC Zbrojovka Brno|SK Artis Brno|poisson,2026-09-04 08:33:43,8,12.09.2026 15:00,FC Zbrojovka Brno,SK Artis Brno,poisson,0.636133,0.220671,0.143196,1X (Neprohra domácích),2:1,1
8|FC Zbrojovka Brno|SK Artis Brno|elo,2026-09-04 08:33:43,8,12.09.2026 15:00,FC Zbrojovka Brno,SK Artis Brno,elo,0.477137,0.276319,0.246543,1X (Neprohra domácích),2:1,1
8|FC Zbrojovka Brno|SK Artis Brno|ensemble,2026-09-04 08:33:43,8,12.09.2026 15:00,FC Zbrojovka Brno,SK Artis Brno,ensemble,0.658008,0.189691,0.152301,1X (Neprohra domácích),2:1,1
8|AC Sparta Praha|FK Jablonec|index_sily,2026-09-04 08:33:43,8,12.09.2026 18:00,AC Sparta Praha,FK Jablonec,index_sily,0.344904,0.279343,0.375753,12 (Bez remízy),2:0,1
8|AC Sparta Praha|FK Jablonec|poisson,2026-09-04 08:33:43,8,12.09.2026 18:00,AC Sparta Praha,FK Jablonec,poisson,0.586862,0.236208,0.17693,1X (Neprohra domácích),2:0,1
8|AC Sparta Praha|FK Jablonec|elo,2026-09-04 08:33:43,8,12.09.2026 18:00,AC Sparta Praha,FK Jablonec,elo,0.514762,0.262724,0.222514,1X (Neprohra domácích),2:0,1
8|AC Sparta Praha|FK Jablonec|ensemble,2026-09-04 08:33:43,8,12.09.2026 18:00,AC Sparta Praha,FK Jablonec,ensemble,0.508347,0.253621,0.238032,1X (Neprohra domácích),2:0,1
8|FC Baník Ostrava|FK Pardubice|index_sily,2026-09-04 08:33:43,8,13.09.2026 13:00,FC Baník Ostrava,FK Pardubice,index_sily,0.849279,0.058143,0.092578,12 (Bez remízy),1:2,2
8|FC Baník Ostrava|FK Pardubice|poisson,2026-09-04 08:33:43,8,13.09.2026 13:00,FC Baník Ostrava,FK Pardubice,poisson,0.503335,0.282344,0.214322,1X (Neprohra domácích),1:2,2
8|FC Baník Ostrava|FK Pardubice|elo,2026-09-04 08:33:43,8,13.09.2026 13:00,FC Baník Ostrava,FK Pardubice,elo,0.456152,0.282867,0.260981,1X (Neprohra domácích),1:2,2
8|FC Baník Ostrava|FK Pardubice|ensemble,2026-09-04 08:33:43,8,13.09.2026 13:00,FC Baník Ostrava,FK Pardubice,ensemble,0.578025,0.226424,0.195551,1X (Neprohra domácích),1:2,2
8|FC Viktoria Plzeň|SK Sigma Olomouc|index_sily,2026-09-04 08:33:43,8,13.09.2026 15:00,FC Viktoria Plzeň,SK Sigma Olomouc,index_sily,0.305144,0.270411,0.424445,12 (Bez remízy),2:3,2
8|FC Viktoria Plzeň|SK Sigma Olomouc|poisson,2026-09-04 08:33:43,8,13.09.2026 15:00,FC Viktoria Plzeň,SK Sigma Olomouc,poisson,0.579665,0.236677,0.183659,1X (Neprohra domácích),2:3,2
8|FC Viktoria Plzeň|SK Sigma Olomouc|elo,2026-09-04 08:33:43,8,13.09.2026 15:00,FC Viktoria Plzeň,SK Sigma Olomouc,elo,0.49911,0.268645,0.232245,1X (Neprohra domácích),2:3,2
8|FC Viktoria Plzeň|SK Sigma Olomouc|ensemble,2026-09-04 08:33:43,8,13.09.2026 15:00,FC Viktoria Plzeň,SK Sigma Olomouc,ensemble,0.490896,0.253102,0.256002,12 (Bez remízy),2:3,2
8|FC Zlín|FC Hradec Králové|index_sily,2026-09-04 08:33:43,8,13.09.2026 15:00,FC Zlín,FC Hradec Králové,index_sily,0.147858,0.124179,0.727963,12 (Bez remízy),1:2,2
8|FC Zlín|FC Hradec Králové|poisson,2026-09-04 08:33:43,8,13.09.2026 15:00,FC Zlín,FC Hradec Králové,poisson,0.268726,0.292141,0.439133,02 (Neprohra hostů),1:2,2
8|FC Zlín|FC Hradec Králové|elo,2026-09-04 08:33:43,8,13.09.2026 15:00,FC Zlín,FC Hradec Králové,elo,0.258167,0.281683,0.460151,02 (Neprohra hostů),1:2,2
8|FC Zlín|FC Hradec Králové|ensemble,2026-09-04 08:33:43,8,13.09.2026 15:00,FC Zlín,FC Hradec Králové,ensemble,0.235869,0.247536,0.516595,02 (Neprohra hostů),1:2,2
8|FK Teplice|SK Slavia Praha|index_sily,2026-09-04 08:33:43,8,13.09.2026 18:00,FK Teplice,SK Slavia Praha,index_sily,0.221908,0.211334,0.566758,12 (Bez remízy),0:2,2
8|FK Teplice|SK Slavia Praha|poisson,2026-09-04 08:33:43,8,13.09.2026 18:00,FK Teplice,SK Slavia Praha,poisson,0.142616,0.232446,0.624938,02 (Neprohra hostů),0:2,2
8|FK Teplice|SK Slavia Praha|elo,2026-09-04 08:33:43,8,13.09.2026 18:00,FK Teplice,SK Slavia Praha,elo,0.221092,0.261811,0.517098,02 (Neprohra hostů),0:2,2
8|FK Teplice|SK Slavia Praha|ensemble,2026-09-04 08:33:43,8,13.09.2026 18:00,FK Teplice,SK Slavia Praha,ensemble,0.182058,0.234509,0.583433,02 (Neprohra hostů),0:2,2
9|FK Mladá Boleslav|FC Zbrojovka Brno|index_sily,2026-09-11 08:34:17,9,19.09.2026 15:00,FK Mladá Boleslav,FC Zbrojovka Brno,index_sily,0.661009,0.161231,0.17776,12 (Bez remízy),2:0,1
9|FK Mladá Boleslav|FC Zbrojovka Brno|poisson,2026-09-11 08:34:17,9,19.09.2026 15:00,FK Mladá Boleslav,FC Zbrojovka Brno,poisson,0.465414,0.264127,0.270459,12 (Bez remízy),2:0,1
9|FK Mladá Boleslav|FC Zbrojovka Brno|elo,2026-09-11 08:34:17,9,19.09.2026 15:00,FK Mladá Boleslav,FC Zbrojovka Brno,elo,0.450067,0.284608,0.265325,1X (Neprohra domácích),2:0,1
9|FK Mladá Boleslav|FC Zbrojovka Brno|ensemble,2026-09-11 08:34:17,9,19.09.2026 15:00,FK Mladá Boleslav,FC Zbrojovka Brno,ensemble,0.510476,0.243523,0.246001,12 (Bez remízy),2:0,1
9|FK Pardubice|Bohemians Praha 1905|index_sily,2026-09-11 08:34:17,9,19.09.2026 15:00,FK Pardubice,Bohemians Praha 1905,index_sily,0.241794,0.230389,0.527818,12 (Bez remízy),2:1,1
9|FK Pardubice|Bohemians Praha 1905|poisson,2026-09-11 08:34:17,9,19.09.2026 15:00,FK Pardubice,Bohemians Praha 1905,poisson,0.365294,0.321877,0.312829,1X (Neprohra domácích),2:1,1
9|FK Pardubice|Bohemians Praha 1905|elo,2026-09-11 08:34:17,9,19.09.2026 15:00,FK Pardubice,Bohemians Praha 1905,elo,0.375663,0.29884,0.325498,12 (Bez remízy),2:1,1
9|FK Pardubice|Bohemians Praha 1905|ensemble,2026-09-11 08:34:17,9,19.09.2026 15:00,FK Pardubice,Bohemians Praha 1905,ensemble,0.337011,0.293246,0.369743,12 (Bez remízy),2:1,1
9|SK Artis Brno|FC Slovan Liberec|index_sily,2026-09-11 08:34:17,9,19.09.2026 15:00,SK Artis Brno,FC Slovan Liberec,index_sily,0.079217,0.044055,0.876728,12 (Bez remízy),0:0,0
9|SK Artis Brno|FC Slovan Liberec|poisson,2026-09-11 08:34:17,9,19.09.2026 15:00,SK Artis Brno,FC Slovan Liberec,poisson,0.188712,0.264957,0.546331,02 (Neprohra hostů),0:0,0
9|SK Artis Brno|FC Slovan Liberec|elo,2026-09-11 08:34:17,9,19.09.2026 15:00,SK Artis Brno,FC Slovan Liberec,elo,0.291129,0.292878,0.415993,02 (Neprohra hostů),0:0,0
9|SK Artis Brno|FC Slovan Liberec|ensemble,2026-09-11 08:34:17,9,19.09.2026 15:00,SK Artis Brno,FC Slovan Liberec,ensemble,0.186942,0.216712,0.596346,02 (Neprohra hostů),0:0,0
9|1. FC Slovácko|FC Baník Ostrava|index_sily,2026-09-11 08:34:17,9,19.09.2026 18:00,1. FC Slovácko,FC Baník Ostrava,index_sily,0.269985,0.25229,0.477725,12 (Bez remízy),2:2,0
9|1. FC Slovácko|FC Baník Ostrava|poisson,2026-09-11 08:34:17,9,19.09.2026 18:00,1. FC Slovácko,FC Baník Ostrava,poisson,0.310917,0.31235,0.376732,02 (Neprohra hostů),2:2,0
9|1. FC Slovácko|FC Baník Ostrava|elo,2026-09-11 08:34:17,9,19.09.2026 18:00,1. FC Slovácko,FC Baník Ostrava,elo,0.358528,0.299868,0.341604,12 (Bez remízy),2:2,0
9|1. FC Slovácko|FC Baník Ostrava|ensemble,2026-09-11 08:34:17,9,19.09.2026 18:00,1. FC Slovácko,FC Baník Ostrava,ensemble,0.312587,0.294215,0.393198,12 (Bez remízy),2:2,0
9|FC Hradec Králové|FK Teplice|index_sily,2026-09-11 08:34:17,9,20.09.2026 13:00,FC Hradec Králové,FK Teplice,index_sily,0.362771,0.279979,0.357251,12 (Bez remízy),0:2,2
9|FC Hradec Králové|FK Teplice|poisson,2026-09-11 08:34:17,9,20.09.2026 13:00,FC Hradec Králové,FK Teplice,poisson,0.435079,0.307451,0.25747,1X (Neprohra domácích),0:2,2
9|FC Hradec Králové|FK Teplice|elo,2026-09-11 08:34:17,9,20.09.2026 13:00,FC Hradec Králové,FK Teplice,elo,0.451702,0.284148,0.264151,1X (Neprohra domácích),0:2,2
9|FC Hradec Králové|FK Teplice|ensemble,2026-09-11 08:34:17,9,20.09.2026 13:00,FC Hradec Králové,FK Teplice,ensemble,0.421157,0.294757,0.284085,1X (Neprohra domácích),0:2,2
9|FK Jablonec|FC Zlín|index_sily,2026-09-11 08:34:17,9,20.09.2026 15:00,FK Jablonec,FC Zlín,index_sily,0.931766,0.018165,0.05007,12 (Bez remízy),1:1,0
9|FK Jablonec|FC Zlín|poisson,2026-09-11 08:34:17,9,20.09.2026 15:00,FK Jablonec,FC Zlín,poisson,0.594814,0.235304,0.169882,1X (Neprohra domácích),1:1,0
9|FK Jablonec|FC Zlín|elo,2026-09-11 08:34:17,9,20.09.2026 15:00,FK Jablonec,FC Zlín,elo,0.618856,0.215914,0.16523,1X (Neprohra domácích),1:1,0
9|FK Jablonec|FC Zlín|ensemble,2026-09-11 08:34:17,9,20.09.2026 15:00,FK Jablonec,FC Zlín,ensemble,0.685062,0.176171,0.138766,1X (Neprohra domácích),1:1,0
9|SK Sigma Olomouc|AC Sparta Praha|index_sily,2026-09-11 08:34:17,9,20.09.2026 15:00,SK Sigma Olomouc,AC Sparta Praha,index_sily,0.666266,0.158343,0.175392,12 (Bez remízy),0:3,2
9|SK Sigma Olomouc|AC Sparta Praha|poisson,2026-09-11 08:34:17,9,20.09.2026 15:00,SK Sigma Olomouc,AC Sparta Praha,poisson,0.272355,0.267058,0.460588,12 (Bez remízy),0:3,2
9|SK Sigma Olomouc|AC Sparta Praha|elo,2026-09-11 08:34:17,9,20.09.2026 15:00,SK Sigma Olomouc,AC Sparta Praha,elo,0.319482,0.29818,0.382337,12 (Bez remízy),0:3,2
9|SK Sigma Olomouc|AC Sparta Praha|ensemble,2026-09-11 08:34:17,9,20.09.2026 15:00,SK Sigma Olomouc,AC Sparta Praha,ensemble,0.382614,0.24766,0.369726,12 (Bez remízy),0:3,2
9|SK Slavia Praha|FC Viktoria Plzeň|index_sily,2026-09-11 08:34:17,9,20.09.2026 18:00,SK Slavia Praha,FC Viktoria Plzeň,index_sily,0.81278,0.077552,0.109668,12 (Bez remízy),2:1,1
9|SK Slavia Praha|FC Viktoria Plzeň|poisson,2026-09-11 08:34:17,9,20.09.2026 18:00,SK Slavia Praha,FC Viktoria Plzeň,poisson,0.61629,0.225115,0.158595,1X (Neprohra domácích),2:1,1
9|SK Slavia Praha|FC Viktoria Plzeň|elo,2026-09-11 08:34:17,9,20.09.2026 18:00,SK Slavia Praha,FC Viktoria Plzeň,elo,0.562632,0.242619,0.194749,1X (Neprohra domácích),2:1,1
9|SK Slavia Praha|FC Viktoria Plzeň|ensemble,2026-09-11 08:34:17,9,20.09.2026 18:00,SK Slavia Praha,FC Viktoria Plzeň,ensemble,0.651998,0.1926,0.155402,1X (Neprohra domácích),2:1,1
10|FC Zlín|SK Slavia Praha|index_sily,2026-09-18 08:34:11,10,09.10.2026 18:00,FC Zlín,SK Slavia Praha,index_sily,0.022321,0.002917,0.974762,12 (Bez remízy),,
10|FC Zlín|SK Slavia Praha|poisson,2026-09-18 08:34:11,10,09.10.2026 18:00,FC Zlín,SK Slavia Praha,poisson,0.076466,0.159742,0.763792,02 (Neprohra hostů),,
10|FC Zlín|SK Slavia Praha|elo,2026-09-18 08:34:11,10,09.10.2026 18:00,FC Zlín,SK Slavia Praha,elo,0.1213,0.166072,0.712627,02 (Neprohra hostů),,
10|FC Zlín|SK Slavia Praha|ensemble,2026-09-18 08:34:11,10,09.10.2026 18:00,FC Zlín,SK Slavia Praha,ensemble,0.064306,0.099699,0.835995,02 (Neprohra hostů),,
10|FC Viktoria Plzeň|FK Mladá Boleslav|index_sily,2026-09-18 08:34:11,10,10.10.2026 15:00,FC Viktoria Plzeň,FK Mladá Boleslav,index_sily,0.266107,0.24966,0.484233,12 (Bez remízy),,
10|FC Viktoria Plzeň|FK Mladá Boleslav|poisson,2026-09-18 08:34:11,10,10.10.2026 15:00,FC Viktoria Plzeň,FK Mladá Boleslav,poisson,0.590615,0.224121,0.185263,1X (Neprohra domácích),,
10|FC Viktoria Plzeň|FK Mladá Boleslav|elo,2026-09-18 08:34:11,10,10.10.2026 15:00,FC Viktoria Plzeň,FK Mladá Boleslav,elo,0.482175,0.27463,0.243195,1X (Neprohra domácích),,
10|FC Viktoria Plzeň|FK Mladá Boleslav|ensemble,2026-09-18 08:34:11,10,10.10.2026 15:00,FC Viktoria Plzeň,FK Mladá Boleslav,ensemble,0.441948,0.244257,0.313795,12 (Bez remízy),,
10|FC Zbrojovka Brno|FK Jablonec|index_sily,2026-09-18 08:34:11,10,10.10.2026 15:00,FC Zbrojovka Brno,FK Jablonec,index_sily,0.602166,0.193,0.204834,12 (Bez remízy),,
10|FC Zbrojovka Brno|FK Jablonec|poisson,2026-09-18 08:34:11,10,10.10.2026 15:00,FC Zbrojovka Brno,FK Jablonec,poisson,0.400376,0.28558,0.314043,12 (Bez remízy),,
10|FC Zbrojovka Brno|FK Jablonec|elo,2026-09-18 08:34:11,10,10.10.2026 15:00,FC Zbrojovka Brno,FK Jablonec,elo,0.394925,0.296569,0.308506,12 (Bez remízy),,
10|FC Zbrojovka Brno|FK Jablonec|ensemble,2026-09-18 08:34:11,10,10.10.2026 15:00,FC Zbrojovka Brno,FK Jablonec,ensemble,0.478176,0.251592,0.270232,12 (Bez remízy),,
10|FC Hradec Králové|SK Artis Brno|index_sily,2026-09-18 08:34:11,10,10.10.2026 15:00,FC Hradec Králové,SK Artis Brno,index_sily,0.843894,0.060965,0.095141,12 (Bez remízy),,
10|FC Hradec Králové|SK Artis Brno|poisson,2026-09-18 08:34:11,10,10.10.2026 15:00,FC Hradec Králové,SK Artis Brno,poisson,0.642109,0.230856,0.127035,1X (Neprohra domácích),,
10|FC Hradec Králové|SK Artis Brno|elo,2026-09-18 08:34:11,10,10.10.2026 15:00,FC Hradec Králové,SK Artis Brno,elo,0.559638,0.243955,0.196407,1X (Neprohra domácích),,
10|FC Hradec Králové|SK Artis Brno|ensemble,2026-09-18 08:34:11,10,10.10.2026 15:00,FC Hradec Králové,SK Artis Brno,ensemble,0.704429,0.167065,0.128506,1X (Neprohra domácích),,
10|Bohemians Praha 1905|FC Baník Ostrava|index_sily,2026-09-18 08:34:11,10,10.10.2026 18:00,Bohemians Praha 1905,FC Baník Ostrava,index_sily,0.571272,0.209042,0.219686,12 (Bez remízy),,
10|Bohemians Praha 1905|FC Baník Ostrava|poisson,2026-09-18 08:34:11,10,10.10.2026 18:00,Bohemians Praha 1905,FC Baník Ostrava,poisson,0.379323,0.31962,0.301057,1X (Neprohra domácích),,
10|Bohemians Praha 1905|FC Baník Ostrava|elo,2026-09-18 08:34:11,10,10.10.2026 18:00,Bohemians Praha 1905,FC Baník Ostrava,elo,0.464994,0.280208,0.254799,1X (Neprohra domácích),,
10|Bohemians Praha 1905|FC Baník Ostrava|ensemble,2026-09-18 08:34:11,10,10.10.2026 18:00,Bohemians Praha 1905,FC Baník Ostrava,ensemble,0.471587,0.268466,0.259947,1X (Neprohra domácích),,
10|FC Slovan Liberec|1. FC Slovácko|index_sily,2026-09-18 08:34:11,10,11.10.2026 13:00,FC Slovan Liberec,1. FC Slovácko,index_sily,0.963907,0.005988,0.030104,12 (Bez remízy),,
10|FC Slovan Liberec|1. FC Slovácko|poisson,2026-09-18 08:34:11,10,11.10.2026 13:00,FC Slovan Liberec,1. FC Slovácko,poisson,0.60843,0.258196,0.133373,1X (Neprohra domácích),,
10|FC Slovan Liberec|1. FC Slovácko|elo,2026-09-18 08:34:11,10,11.10.2026 13:00,FC Slovan Liberec,1. FC Slovácko,elo,0.644482,0.202863,0.152655,1X (Neprohra domácích),,
10|FC Slovan Liberec|1. FC Slovácko|ensemble,2026-09-18 08:34:11,10,11.10.2026 13:00,FC Slovan Liberec,1. FC Slovácko,ensemble,0.754659,0.148469,0.096872,1X (Neprohra domácích),,
10|FK Teplice|SK Sigma Olomouc|index_sily,2026-09-18 08:34:11,10,11.10.2026 15:00,FK Teplice,SK Sigma Olomouc,index_sily,0.279671,0.258307,0.462022,12 (Bez remízy),,
10|FK Teplice|SK Sigma Olomouc|poisson,2026-09-18 08:34:11,10,11.10.2026 15:00,FK Teplice,SK Sigma Olomouc,poisson,0.388988,0.290532,0.32048,12 (Bez remízy),,
10|FK Teplice|SK Sigma Olomouc|elo,2026-09-18 08:34:11,10,11.10.2026 15:00,FK Teplice,SK Sigma Olomouc,elo,0.384792,0.297903,0.317305,12 (Bez remízy),,
10|FK Teplice|SK Sigma Olomouc|ensemble,2026-09-18 08:34:11,10,11.10.2026 15:00,FK Teplice,SK Sigma Olomouc,ensemble,0.345404,0.279414,0.375182,12 (Bez remízy),,
10|AC Sparta Praha|FK Pardubice|index_sily,2026-09-18 08:34:11,10,11.10.2026 18:00,AC Sparta Praha,FK Pardubice,index_sily,0.738814,0.118157,0.143029,12 (Bez remízy),,
10|AC Sparta Praha|FK Pardubice|poisson,2026-09-18 08:34:11,10,11.10.2026 18:00,AC Sparta Praha,FK Pardubice,poisson,0.705419,0.191646,0.102935,1X (Neprohra domácích),,
10|AC Sparta Praha|FK Pardubice|elo,2026-09-18 08:34:11,10,11.10.2026 18:00,AC Sparta Praha,FK Pardubice,elo,0.624056,0.213306,0.162639,1X (Neprohra domácích),,
10|AC Sparta Praha|FK Pardubice|ensemble,2026-09-18 08:34:11,10,11.10.2026 18:00,AC Sparta Praha,FK Pardubice,ensemble,0.702125,0.167266,0.130609,1X (Neprohra domácích),,
11|SK Slavia Praha|FC Hradec Králové|index_sily,2026-09-25 13:53:23,11,17.10.2026 15:00,SK Slavia Praha,FC Hradec Králové,index_sily,0.883061,0.040889,0.07605,12 (Bez remízy),,
11|SK Slavia Praha|FC Hradec Králové|poisson,2026-09-25 13:53:23,11,17.10.2026 15:00,SK Slavia Praha,FC Hradec Králové,poisson,0.689581,0.212739,0.09768,1X (Neprohra domácích),,
11|SK Slavia Praha|FC Hradec Králové|elo,2026-09-25 13:53:23,11,17.10.2026 15:00,SK Slavia Praha,FC Hradec Králové,elo,0.651318,0.199302,0.14938,1X (Neprohra domácích),,
11|SK Slavia Praha|FC Hradec Králové|ensemble,2026-09-25 13:53:23,11,17.10.2026 15:00,SK Slavia Praha,FC Hradec Králové,ensemble,0.755989,0.142535,0.101476,1X (Neprohra domácích),,
11|FK Mladá Boleslav|FK Teplice|index_sily,2026-09-25 13:53:23,11,17.10.2026 15:00,FK Mladá Boleslav,FK Teplice,index_sily,0.591069,0.198828,0.210103,12 (Bez remízy),,
11|FK Mladá Boleslav|FK Teplice|poisson,2026-09-25 13:53:23,11,17.10.2026 15:00,FK Mladá Boleslav,FK Teplice,poisson,0.439545,0.275815,0.28464,12 (Bez remízy),,
11|FK Mladá Boleslav|FK Teplice|elo,2026-09-25 13:53:23,11,17.10.2026 15:00,FK Mladá Boleslav,FK Teplice,elo,0.421498,0.291725,0.286778,1X (Neprohra domácích),,
11|FK Mladá Boleslav|FK Teplice|ensemble,2026-09-25 13:53:23,11,17.10.2026 15:00,FK Mladá Boleslav,FK Teplice,ensemble,0.494372,0.249553,0.256075,12 (Bez remízy),,
11|FK Jablonec|FC Viktoria Plzeň|index_sily,2026-09-25 13:53:23,11,17.10.2026 15:00,FK Jablonec,FC Viktoria Plzeň,index_sily,0.544734,0.222283,0.232983,12 (Bez remízy),,
11|FK Jablonec|FC Viktoria Plzeň|poisson,2026-09-25 13:53:23,11,17.10.2026 15:00,FK Jablonec,FC Viktoria Plzeň,poisson,0.312683,0.274216,0.413101,12 (Bez remízy),,
11|FK Jablonec|FC Viktoria Plzeň|elo,2026-09-25 13:53:23,11,17.10.2026 15:00,FK Jablonec,FC Viktoria Plzeň,elo,0.35506,0.299953,0.344987,12 (Bez remízy),,
11|FK Jablonec|FC Viktoria Plzeň|ensemble,2026-09-25 13:53:23,11,17.10.2026 15:00,FK Jablonec,FC Viktoria Plzeň,ensemble,0.413213,0.26005,0.326737,12 (Bez remízy),,
11|SK Sigma Olomouc|FC Slovan Liberec|index_sily,2026-09-25 13:53:23,11,17.10.2026 15:00,SK Sigma Olomouc,FC Slovan Liberec,index_sily,0.284273,0.260891,0.454836,12 (Bez remízy),,
11|SK Sigma Olomouc|FC Slovan Liberec|poisson,2026-09-25 13:53:23,11,17.10.2026 15:00,SK Sigma Olomouc,FC Slovan Liberec,poisson,0.330901,0.307602,0.361496,12 (Bez remízy),,
11|SK Sigma Olomouc|FC Slovan Liberec|elo,2026-09-25 13:53:23,11,17.10.2026 15:00,SK Sigma Olomouc,FC Slovan Liberec,elo,0.353943,0.299971,0.346085,12 (Bez remízy),,
11|SK Sigma Olomouc|FC Slovan Liberec|ensemble,2026-09-25 13:53:23,11,17.10.2026 15:00,SK Sigma Olomouc,FC Slovan Liberec,ensemble,0.318167,0.287579,0.394254,12 (Bez remízy),,
11|FC Baník Ostrava|AC Sparta Praha|index_sily,2026-09-25 13:53:23,11,17.10.2026 15:00,FC Baník Ostrava,AC Sparta Praha,index_sily,0.21135,0.200186,0.588464,12 (Bez remízy),,
11|FC Baník Ostrava|AC Sparta Praha|poisson,2026-09-25 13:53:23,11,17.10.2026 15:00,FC Baník Ostrava,AC Sparta Praha,poisson,0.213348,0.25764,0.529012,02 (Neprohra hostů),,
11|FC Baník Ostrava|AC Sparta Praha|elo,2026-09-25 13:53:23,11,17.10.2026 15:00,FC Baník Ostrava,AC Sparta Praha,elo,0.225602,0.264665,0.509733,02 (Neprohra hostů),,
11|FC Baník Ostrava|AC Sparta Praha|ensemble,2026-09-25 13:53:23,11,17.10.2026 15:00,FC Baník Ostrava,AC Sparta Praha,ensemble,0.215468,0.236894,0.547638,02 (Neprohra hostů),,
11|1. FC Slovácko|FC Zbrojovka Brno|index_sily,2026-09-25 13:53:23,11,17.10.2026 15:00,1. FC Slovácko,FC Zbrojovka Brno,index_sily,0.150032,0.126892,0.723076,12 (Bez remízy),,
11|1. FC Slovácko|FC Zbrojovka Brno|poisson,2026-09-25 13:53:23,11,17.10.2026 15:00,1. FC Slovácko,FC Zbrojovka Brno,poisson,0.301285,0.300776,0.397939,12 (Bez remízy),,
11|1. FC Slovácko|FC Zbrojovka Brno|elo,2026-09-25 13:53:23,11,17.10.2026 15:00,1. FC Slovácko,FC Zbrojovka Brno,elo,0.299871,0.294915,0.405214,12 (Bez remízy),,
11|1. FC Slovácko|FC Zbrojovka Brno|ensemble,2026-09-25 13:53:23,11,17.10.2026 15:00,1. FC Slovácko,FC Zbrojovka Brno,ensemble,0.241959,0.231572,0.526469,12 (Bez remízy),,
11|FK Pardubice|FC Zlín|index_sily,2026-09-25 13:53:23,11,17.10.2026 15:00,FK Pardubice,FC Zlín,index_sily,0.710066,0.134115,0.155818,12 (Bez remízy),,
11|FK Pardubice|FC Zlín|poisson,2026-09-25 13:53:23,11,17.10.2026 15:00,FK Pardubice,FC Zlín,poisson,0.454815,0.277842,0.267343,1X (Neprohra domácích),,
11|FK Pardubice|FC Zlín|elo,2026-09-25 13:53:23,11,17.10.2026 15:00,FK Pardubice,FC Zlín,elo,0.520421,0.260498,0.219081,1X (Neprohra domácích),,
11|FK Pardubice|FC Zlín|ensemble,2026-09-25 13:53:23,11,17.10.2026 15:00,FK Pardubice,FC Zlín,ensemble,0.569889,0.217683,0.212428,1X (Neprohra domácích),,
11|SK Artis Brno|Bohemians Praha 1905|index_sily,2026-09-25 13:53:23,11,17.10.2026 15:00,SK Artis Brno,Bohemians Praha 1905,index_sily,0.250839,0.238107,0.511055,12 (Bez remízy),,
11|SK Artis Brno|Bohemians Praha 1905|poisson,2026-09-25 13:53:23,11,17.10.2026 15:00,SK Artis Brno,Bohemians Praha 1905,poisson,0.284011,0.314285,0.401704,02 (Neprohra hostů),,
11|SK Artis Brno|Bohemians Praha 1905|elo,2026-09-25 13:53:23,11,17.10.2026 15:00,SK Artis Brno,Bohemians Praha 1905,elo,0.377245,0.298696,0.324059,12 (Bez remízy),,
11|SK Artis Brno|Bohemians Praha 1905|ensemble,2026-09-25 13:53:23,11,17.10.2026 15:00,SK Artis Brno,Bohemians Praha 1905,ensemble,0.293131,0.280886,0.425983,12 (Bez remízy),,
